<?xml version="1.0" encoding="UTF-8" standalone="yes"?>
<addon id="plugin.video.movie" name="movietimewizard" version="1.0.0" provider-name="keese">
  <requires>
    <import addon="xbmc.python" version="2.1.0"/>
  </requires>
  <extension point="xbmc.python.pluginsource" library="default.py">
        <provides>video executable</provides>
  </extension>
  <extension point="xbmc.addon.metadata">
    <summary lang="en">Movietime</summary>
    <description lang="en">Keese</description>
	<website>https://kodi2.000webhostapp.com/index.html/</website>
    <platform>all</platform>
  </extension>
</addon>
