<?xml version="1.0" encoding="UTF-8" standalone="yes"?>
<addon id="repository.blade" name="Blade" version="0.0.1" provider-name="Keese">
	<extension point="xbmc.addon.repository" name="Blade">
		<dir>
			<info compressed="false">https://raw.githubusercontent.com/totalrevolution/python-koding/master/zips/addons.xml</info>
			<checksum>https://raw.githubusercontent.com/totalrevolution/python-koding/master/zips/addons.xml.md5</checksum>
			<datadir zip="true">https://raw.githubusercontent.com/totalrevolution/python-koding/master/zips/</datadir>
		</dir>
		<info compressed="false">https://raw.githubusercontent.com/Keese1295/repository.blade/master/zips/addons.xml</info>
		<checksum>https://raw.githubusercontent.com/Keese1295/repository.blade/master/zips/addons.xml.md5</checksum>
		<datadir zip="true">https://raw.githubusercontent.com/Keese1295/repository.blade/master/zips/</datadir>
	</extension>
	<extension point="xbmc.addon.metadata">
		<summary lang="en">Add-ons and Builds</summary>
		<description lang="en">Those who do not fear the sword they wield have no right to wield a sword at all.</description>
		<genre>movies,tvshows,wizard,usa</genre>
	</extension>
</addon>